source,ticker,name,date,type,amount,signal_type,sector,short_float,description,scraped_at,signal_score
QuiverQuant Senate,"GLA


                        AIX VENTURES FUND II, LP
                      

                        HN","Purchase
                      

                      $647.63","Max L. Miller

                      House / R","Jul. 27, 2025","Jul. 15, 2025",insider_trading,political_indicator,,,2025-07-30T05:06:15.738678,55
QuiverQuant Senate,"-
                        

                        GLAS FUNDS, LP
                      

                        HN","Purchase
                      

                      $15,001 - $50,000","Max L. Miller

                      House / R","Jul. 27, 2025","Jul. 15, 2025",insider_trading,political_indicator,,,2025-07-30T05:06:15.738678,55
QuiverQuant Senate,"ANGO


                        ANGIODYNAMICS, INC. - COMMON STOCK
                      

                        ST","Sale
                      

                      $1,001 - $15,000","Debbie Wasserman Schultz

                      House / D","Jul. 25, 2025","Jul. 16, 2025",insider_trading,political_indicator,,,2025-07-30T05:06:15.738678,55
QuiverQuant Senate,"FMAO


                        FARMERS & MERCHANTS BANCORP, INC.
                      

                        ST","Purchase
                      

                      $1,001 - $15,000","Robert E. Latta

                      House / R","Jul. 25, 2025","Jul. 20, 2025",insider_trading,political_indicator,,,2025-07-30T05:06:15.738678,55
QuiverQuant Senate,"VSAT


                        VIASAT, INC. - COMMON STOCK
                      

                        ST","Sale
                      

                      $1,001 - $15,000","Debbie Wasserman Schultz

                      House / D","Jul. 25, 2025","Jul. 18, 2025",insider_trading,political_indicator,,,2025-07-30T05:06:15.738678,55
QuiverQuant Senate,"BX


                        BLACKSTONE INC. COMMON STOCK
                      

                        ST","Sale
                      

                      $100,001 - $250,000","J. French Hill

                      House / R","Jul. 24, 2025","Jun. 23, 2025",insider_trading,political_indicator,,,2025-07-30T05:06:15.738678,55
QuiverQuant Senate,"FTRE


                        FORTREA HOLDINGS INC. - COMMON STOCK
                      

                        ST","Sale
                      

                      $1,001 - $15,000","J. French Hill

                      House / R","Jul. 24, 2025","Jun. 23, 2025",insider_trading,political_indicator,,,2025-07-30T05:06:15.738678,55
QuiverQuant Senate,"INTC


                        INTEL CORPORATION - COMMON STOCK
                      

                        ST","Sale
                      

                      $15,001 - $50,000","J. French Hill

                      House / R","Jul. 24, 2025","Jun. 23, 2025",insider_trading,political_indicator,,,2025-07-30T05:06:15.738678,55
QuiverQuant Senate,"L


                        LOEWS CORPORATION COMMON STOCK
                      

                        ST","Purchase
                      

                      $50,001 - $100,000","J. French Hill

                      House / R","Jul. 24, 2025","Jun. 23, 2025",insider_trading,political_indicator,,,2025-07-30T05:06:15.738678,55
QuiverQuant Senate,"LAZ


                        LAZARD, INC. COMMON STOCK
                      

                        ST","Sale
                      

                      $50,001 - $100,000","J. French Hill

                      House / R","Jul. 24, 2025","Jun. 23, 2025",insider_trading,political_indicator,,,2025-07-30T05:06:15.738678,55
QuiverQuant Senate,"MKL


                        MARKEL GROUP INC. COMMON STOCK
                      

                        ST","Purchase
                      

                      $15,001 - $50,000","J. French Hill

                      House / R","Jul. 24, 2025","Jun. 23, 2025",insider_trading,political_indicator,,,2025-07-30T05:06:15.738678,55
QuiverQuant Senate,"RF


                        REGIONS FINANCIAL CORPORATION COMMON STOCK
                      

                        ST","Sale
                      

                      $15,001 - $50,000","J. French Hill

                      House / R","Jul. 24, 2025","Jun. 23, 2025",insider_trading,political_indicator,,,2025-07-30T05:06:15.738678,55
QuiverQuant Senate,"SFNC


                        SIMMONS FIRST NATIONAL CORPORATION - COMMON STOCK
                      

                        ST","Sale
                      

                      $100,001 - $250,000","J. French Hill

                      House / R","Jul. 24, 2025","Jun. 23, 2025",insider_trading,political_indicator,,,2025-07-30T05:06:15.738678,55
QuiverQuant Senate,"SPB


                        SPECTRUM BRANDS HOLDINGS, INC. COMMON STOCK
                      

                        ST","Sale
                      

                      $1,001 - $15,000","J. French Hill

                      House / R","Jul. 24, 2025","Jun. 23, 2025",insider_trading,political_indicator,,,2025-07-30T05:06:15.738678,55
QuiverQuant Senate,"T


                        AT&T INC.
                      

                        ST","Sale
                      

                      $1,001 - $15,000","J. French Hill

                      House / R","Jul. 24, 2025","Jun. 23, 2025",insider_trading,political_indicator,,,2025-07-30T05:06:15.738678,55
QuiverQuant Senate,"VTS


                        VITESSE ENERGY, INC. COMMON STOCK
                      

                        ST","Sale
                      

                      $1,001 - $15,000","J. French Hill

                      House / R","Jul. 24, 2025","Jun. 23, 2025",insider_trading,political_indicator,,,2025-07-30T05:06:15.738678,55
QuiverQuant Senate,"WFC


                        WELLS FARGO & COMPANY COMMON STOCK
                      

                        ST","Sale
                      

                      $15,001 - $50,000","J. French Hill

                      House / R","Jul. 24, 2025","Jun. 23, 2025",insider_trading,political_indicator,,,2025-07-30T05:06:15.738678,55
QuiverQuant Senate,"WTM


                        WHITE MOUNTAINS INSURANCE GROUP, LTD. COMMON STOCK
                      

                        ST","Purchase
                      

                      $50,001 - $100,000","J. French Hill

                      House / R","Jul. 24, 2025","Jun. 23, 2025",insider_trading,political_indicator,,,2025-07-30T05:06:15.738678,55
QuiverQuant Senate,"DIS


                        WALT DISNEY COMPANY
                      

                        ST","Sale
                      

                      $1,001 - $15,000","August Pfluger

                      House / R","Jul. 23, 2025","Jul. 01, 2025",insider_trading,political_indicator,,,2025-07-30T05:06:15.738678,55
QuiverQuant Senate,"LLYVK


                        LIBERTY MEDIA CORPORATION - SERIES C LIBERTY LIVE COMMON STOCK
                      

                        ST","Sale
                      

                      $1,001 - $15,000","August Pfluger

                      House / R","Jul. 23, 2025","Jul. 01, 2025",insider_trading,political_indicator,,,2025-07-30T05:06:15.738678,55
QuiverQuant Senate,"SIRI


                        SIRIUSXM HOLDINGS INC. - COMMON STOCK
                      

                        ST","Sale
                      

                      $1,001 - $15,000","August Pfluger

                      House / R","Jul. 23, 2025","Jul. 01, 2025",insider_trading,political_indicator,,,2025-07-30T05:06:15.738678,55
QuiverQuant Senate,"PEP


                        PEPSICO, INC.
                      

                        ST","Purchase
                      

                      $1,001 - $15,000","Marjorie Taylor Greene

                      House / R","Jul. 22, 2025","Jul. 15, 2025",insider_trading,political_indicator,,,2025-07-30T05:06:15.738678,55
QuiverQuant Senate,"PLTR


                        PALANTIR TECHNOLOGIES INC. - CLASS A COMMON STOCK
                      

                        ST","Purchase
                      

                      $1,001 - $15,000","Marjorie Taylor Greene

                      House / R","Jul. 22, 2025","Jul. 15, 2025",insider_trading,political_indicator,,,2025-07-30T05:06:15.738678,55
QuiverQuant Senate,"-
                        

                        US TREASURY BILL
                      

                        GS","Purchase
                      

                      $100,001 - $250,000","Marjorie Taylor Greene

                      House / R","Jul. 22, 2025","Jul. 15, 2025",insider_trading,political_indicator,,,2025-07-30T05:06:15.738678,55
QuiverQuant Senate,"-
                        

                        ETHEREUM CRYPTO CURRENCY
                      

                        CT","Purchase
                      

                      $1,001 - $15,000","Mike Collins

                      House / R","Jul. 19, 2025","Jul. 08, 2025",insider_trading,political_indicator,,,2025-07-30T05:06:15.738678,55
QuiverQuant Senate,"-
                        

                        FLORIDA DEV FIN CORP HEALTHCARE FACS REV 4.00 % DUE NOV 15, 2035
                      

                        GS","Sale
                      

                      $250,001 - $500,000","Suzan K. DelBene

                      House / D","Jul. 17, 2025","Jun. 18, 2025",insider_trading,political_indicator,,,2025-07-30T05:06:15.738678,55
QuiverQuant Senate,"-
                        

                        UNIVERSITY KANS HOS 4%36 SYST HLTH DUE 03/01/36
                      

                        GS","Purchase
                      

                      $250,001 - $500,000","Suzan K. DelBene

                      House / D","Jul. 17, 2025","Jun. 18, 2025",insider_trading,political_indicator,,,2025-07-30T05:06:15.738678,55
QuiverQuant Senate,"-
                        

                        New York City Municipal Water Fin Authority Water & Sewer Revenue Bond
                      

                        Municipal Security","Sale (Full)
                      

                      $50,001 - $100,000","Markwayne Mullin

                      Senate / R","Jul. 16, 2025","Jun. 16, 2025",insider_trading,political_indicator,,,2025-07-30T05:06:15.738678,55
QuiverQuant Senate,"-
                        

                        Florida State Department General Services Division Facilities Mgmt Revenue Pool
                      

                        Municipal Security","Purchase
                      

                      $50,001 - $100,000","Markwayne Mullin

                      Senate / R","Jul. 16, 2025","Jun. 18, 2025",insider_trading,political_indicator,,,2025-07-30T05:06:15.738678,55
QuiverQuant Senate,"-
                        

                        GENERAL MTRS FINL CO INC NOTE 5.40000% 04/06/2026 CALL MAKE WHOLE
                      

                        CS","Purchase
                      

                      $15,001 - $50,000","W. Gregory Steube

                      House / R","Jul. 16, 2025","Jul. 10, 2025",insider_trading,political_indicator,,,2025-07-30T05:06:15.738678,55
QuiverQuant Senate,"AKAM


                        AKAMAI TECHNOLOGIES, INC. - COMMON STOCK
                      

                        ST","Sale
                      

                      $1,001 - $15,000","Josh Gottheimer

                      House / D","Jul. 16, 2025","Jun. 03, 2025",insider_trading,political_indicator,,,2025-07-30T05:06:15.738678,55
QuiverQuant Senate,"AVGO


                        BROADCOM INC. - COMMON STOCK
                      

                        ST","Purchase
                      

                      $1,001 - $15,000","Josh Gottheimer

                      House / D","Jul. 16, 2025","Jun. 25, 2025",insider_trading,political_indicator,,,2025-07-30T05:06:15.738678,55
QuiverQuant Senate,"CB


                        CHUBB LIMITED COMMON STOCK
                      

                        ST","Purchase
                      

                      $1,001 - $15,000","Josh Gottheimer

                      House / D","Jul. 16, 2025","Jun. 13, 2025",insider_trading,political_indicator,,,2025-07-30T05:06:15.738678,55
QuiverQuant Senate,"COP


                        CONOCOPHILLIPS COMMON STOCK
                      

                        ST","Sale
                      

                      $1,001 - $15,000","Josh Gottheimer

                      House / D","Jul. 16, 2025","Jun. 24, 2025",insider_trading,political_indicator,,,2025-07-30T05:06:15.738678,55
QuiverQuant Senate,"CRM


                        SALESFORCE, INC. COMMON STOCK
                      

                        ST","Sale
                      

                      $1,001 - $15,000","Josh Gottheimer

                      House / D","Jul. 16, 2025","Jun. 04, 2025",insider_trading,political_indicator,,,2025-07-30T05:06:15.738678,55
QuiverQuant Senate,"CVNA


                        CARVANA CO. CLASS A COMMON STOCK
                      

                        ST","Purchase
                      

                      $1,001 - $15,000","Josh Gottheimer

                      House / D","Jul. 16, 2025","Jun. 20, 2025",insider_trading,political_indicator,,,2025-07-30T05:06:15.738678,55
QuiverQuant Senate,"DHR


                        DANAHER CORPORATION COMMON STOCK
                      

                        ST","Purchase
                      

                      $1,001 - $15,000","Thomas H. Kean, Jr.

                      House / R","Jul. 16, 2025","Jun. 11, 2025",insider_trading,political_indicator,,,2025-07-30T05:06:15.738678,55
QuiverQuant Senate,"FIS


                        FIDELITY NATIONAL INFORMATION SERVICES, INC. COMMON STOCK
                      

                        ST","Sale
                      

                      $1,001 - $15,000","Josh Gottheimer

                      House / D","Jul. 16, 2025","Jun. 03, 2025",insider_trading,political_indicator,,,2025-07-30T05:06:15.738678,55
QuiverQuant Senate,"INSM


                        INSMED INCORPORATED - COMMON STOCK
                      

                        ST","Purchase
                      

                      $1,001 - $15,000","Josh Gottheimer

                      House / D","Jul. 16, 2025","Jun. 16, 2025",insider_trading,political_indicator,,,2025-07-30T05:06:15.738678,55
QuiverQuant Senate,"MCD


                        MCDONALD'S CORPORATION COMMON STOCK
                      

                        ST","Sale
                      

                      $1,001 - $15,000","Josh Gottheimer

                      House / D","Jul. 16, 2025","Jun. 20, 2025",insider_trading,political_indicator,,,2025-07-30T05:06:15.738678,55
QuiverQuant Senate,"NET


                        CLOUDFLARE, INC. CLASS A COMMON STOCK
                      

                        ST","Purchase
                      

                      $1,001 - $15,000","Josh Gottheimer

                      House / D","Jul. 16, 2025","Jun. 20, 2025",insider_trading,political_indicator,,,2025-07-30T05:06:15.738678,55
QuiverQuant Senate,"NVDA


                        NVIDIA CORPORATION - COMMON STOCK
                      

                        ST","Purchase
                      

                      $1,001 - $15,000","Josh Gottheimer

                      House / D","Jul. 16, 2025","Jun. 24, 2025",insider_trading,political_indicator,,,2025-07-30T05:06:15.738678,55
QuiverQuant Senate,"PFE


                        PFIZER, INC. COMMON STOCK
                      

                        ST","Sale
                      

                      $1,001 - $15,000","Josh Gottheimer

                      House / D","Jul. 16, 2025","Jun. 03, 2025",insider_trading,political_indicator,,,2025-07-30T05:06:15.738678,55
QuiverQuant Senate,"PLD


                        PROLOGIS, INC. COMMON STOCK
                      

                        ST","Purchase
                      

                      $1,001 - $15,000","Thomas H. Kean, Jr.

                      House / R","Jul. 16, 2025","Jun. 30, 2025",insider_trading,political_indicator,,,2025-07-30T05:06:15.738678,55
QuiverQuant Senate,"SYK


                        STRYKER CORPORATION COMMON STOCK
                      

                        ST","Sale
                      

                      $15,001 - $50,000","Thomas H. Kean, Jr.

                      House / R","Jul. 16, 2025","Jun. 26, 2025",insider_trading,political_indicator,,,2025-07-30T05:06:15.738678,55
QuiverQuant Senate,"TSLA


                        TESLA, INC. - COMMON STOCK
                      

                        ST","Sale
                      

                      $1,001 - $15,000","Josh Gottheimer

                      House / D","Jul. 16, 2025","Jun. 05, 2025",insider_trading,political_indicator,,,2025-07-30T05:06:15.738678,55
QuiverQuant Senate,"UNP


                        UNION PACIFIC CORPORATION COMMON STOCK
                      

                        ST","Sale
                      

                      $1,001 - $15,000","Josh Gottheimer

                      House / D","Jul. 16, 2025","Jun. 04, 2025",insider_trading,political_indicator,,,2025-07-30T05:06:15.738678,55
QuiverQuant Senate,"V


                        VISA INC.
                      

                        ST","Sale
                      

                      $1,001 - $15,000","Josh Gottheimer

                      House / D","Jul. 16, 2025","Jun. 24, 2025",insider_trading,political_indicator,,,2025-07-30T05:06:15.738678,55
QuiverQuant Senate,"WCC


                        WESCO INTERNATIONAL, INC. COMMON STOCK
                      

                        ST","Sale
                      

                      $1,001 - $15,000","Thomas H. Kean, Jr.

                      House / R","Jul. 16, 2025","Jun. 23, 2025",insider_trading,political_indicator,,,2025-07-30T05:06:15.738678,55
QuiverQuant Senate,"-
                        

                        LOS ANGELES CA WTR SWR UTIL
                      

                        GS","Purchase
                      

                      $100,001 - $250,000","Scott H. Peters

                      House / D","Jul. 16, 2025","Jun. 10, 2025",insider_trading,political_indicator,,,2025-07-30T05:06:15.738678,55
QuiverQuant Senate,"-
                        

                        ALLOCATE ALPHA FUND II LP
                      

                        OI","Purchase
                      

                      $1,001 - $15,000","Scott H. Peters

                      House / D","Jul. 16, 2025","Jun. 24, 2025",insider_trading,political_indicator,,,2025-07-30T05:06:15.738678,55
QuiverQuant Senate,"-
                        

                        U.S TREASURY BILLS S
                      

                        GS","Sale
                      

                      $100,001 - $250,000","Scott H. Peters

                      House / D","Jul. 16, 2025","Jun. 12, 2025",insider_trading,political_indicator,,,2025-07-30T05:06:15.738678,55
QuiverQuant Senate,"-
                        

                        OUNZ VAN ECK GOLD TRUST ETF
                      

                        OT","Sale
                      

                      $50,001 - $100,000","Mark E. Green

                      House / R","Jul. 16, 2025","Jun. 24, 2025",insider_trading,political_indicator,,,2025-07-30T05:06:15.738678,55
QuiverQuant Senate,"-
                        

                        ALLOCATE PREMIER ACCESS FUND
                      

                        OI","Purchase
                      

                      $15,001 - $50,000","Scott H. Peters

                      House / D","Jul. 16, 2025","Jun. 23, 2025",insider_trading,political_indicator,,,2025-07-30T05:06:15.738678,55
QuiverQuant Senate,"-
                        

                        VALO VENTURES GP II, LP
                      

                        OI","Purchase
                      

                      $15,001 - $50,000","Scott H. Peters

                      House / D","Jul. 16, 2025","Jun. 25, 2025",insider_trading,political_indicator,,,2025-07-30T05:06:15.738678,55
QuiverQuant Senate,"-
                        

                        EAST BAY MUD SYS CA S
                      

                        GS","Sale
                      

                      $50,001 - $100,000","Scott H. Peters

                      House / D","Jul. 16, 2025","Jun. 02, 2025",insider_trading,political_indicator,,,2025-07-30T05:06:15.738678,55
QuiverQuant Senate,"-
                        

                        U.S TREASURY BILLS
                      

                        GS","Purchase
                      

                      $100,001 - $250,000","Scott H. Peters

                      House / D","Jul. 16, 2025","Jun. 16, 2025",insider_trading,political_indicator,,,2025-07-30T05:06:15.738678,55
QuiverQuant Senate,"-
                        

                        BAKER HUGHES HLDGS LLC
                      

                        Corporate Bond","Purchase
                      

                      $1,001 - $15,000","John Fetterman

                      Senate / D","Jul. 15, 2025","Jun. 25, 2025",insider_trading,political_indicator,,,2025-07-30T05:06:15.738678,55
QuiverQuant Senate,"-
                        

                        JPMORGAN CHASE & CO
                      

                        Stock","Purchase
                      

                      $1,001 - $15,000","John Fetterman

                      Senate / D","Jul. 15, 2025","Jun. 17, 2025",insider_trading,political_indicator,,,2025-07-30T05:06:15.738678,55
QuiverQuant Senate,"INTU


                        INTUIT INC. - COMMON STOCK
                      

                        ST","Purchase
                      

                      $1,001 - $15,000","Rick W. Allen

                      House / R","Jul. 15, 2025","Jun. 20, 2025",insider_trading,political_indicator,,,2025-07-30T05:06:15.738678,55
QuiverQuant Senate,"BSCV


                        Invesco BulletShares 2031 Corporate Bond ETF
                      

                        Stock","Purchase
                      

                      $15,001 - $50,000","Lindsey Graham

                      Senate / R","Jul. 14, 2025","Jun. 30, 2025",insider_trading,political_indicator,,,2025-07-30T05:06:15.738678,55
QuiverQuant Senate,"XONE


                        Boxx One Year Target Duration ETF
                      

                        Stock","Purchase
                      

                      $15,001 - $50,000","Lindsey Graham

                      Senate / R","Jul. 14, 2025","Jun. 30, 2025",insider_trading,political_indicator,,,2025-07-30T05:06:15.738678,55
QuiverQuant Senate,"-
                        

                        US Treasury Bill 25U DUE 10/16/25
                      

                        Other Securities","Purchase
                      

                      $50,001 - $100,000","Lindsey Graham

                      Senate / R","Jul. 14, 2025","Jun. 30, 2025",insider_trading,political_indicator,,,2025-07-30T05:06:15.738678,55
QuiverQuant Senate,"-
                        

                        US Treasury Bill (912797NX1) MATURED
                      

                        Other Securities","Sale (Full)
                      

                      $50,001 - $100,000","Lindsey Graham

                      Senate / R","Jul. 14, 2025","Jul. 03, 2025",insider_trading,political_indicator,,,2025-07-30T05:06:15.738678,55
QuiverQuant Senate,"AAPL


                        APPLE INC. - COMMON STOCK
                      

                        ST","Sale
                      

                      $15,001 - $50,000","Scott Franklin

                      House / R","Jul. 14, 2025","Jun. 16, 2025",insider_trading,political_indicator,,,2025-07-30T05:06:15.738678,55
QuiverQuant Senate,"BRK.B


                        BERKSHIRE HATHAWAY INC. NEW COMMON STOCK
                      

                        ST","Sale
                      

                      $15,001 - $50,000","Scott Franklin

                      House / R","Jul. 14, 2025","Jun. 16, 2025",insider_trading,political_indicator,,,2025-07-30T05:06:15.738678,55
QuiverQuant Senate,"CSCO


                        CISCO SYSTEMS, INC. - COMMON STOCK
                      

                        ST","Sale
                      

                      $1,001 - $15,000","Scott Franklin

                      House / R","Jul. 14, 2025","Jun. 16, 2025",insider_trading,political_indicator,,,2025-07-30T05:06:15.738678,55
QuiverQuant Senate,"GOOG


                        ALPHABET INC. - CLASS C CAPITAL STOCK
                      

                        ST","Sale
                      

                      $1,001 - $15,000","Scott Franklin

                      House / R","Jul. 14, 2025","Jun. 16, 2025",insider_trading,political_indicator,,,2025-07-30T05:06:15.738678,55
QuiverQuant Senate,"HD


                        HOME DEPOT, INC.
                      

                        ST","Sale
                      

                      $15,001 - $50,000","Scott Franklin

                      House / R","Jul. 14, 2025","Jun. 16, 2025",insider_trading,political_indicator,,,2025-07-30T05:06:15.738678,55
QuiverQuant Senate,"IBM


                        INTERNATIONAL BUSINESS MACHINES CORPORATION COMMON STOCK
                      

                        ST","Purchase
                      

                      $15,001 - $50,000","Jonathan L. Jackson

                      House / D","Jul. 14, 2025","Jun. 03, 2025",insider_trading,political_indicator,,,2025-07-30T05:06:15.738678,55
QuiverQuant Senate,"JNJ


                        JOHNSON & JOHNSON COMMON STOCK
                      

                        ST","Sale
                      

                      $15,001 - $50,000","Scott Franklin

                      House / R","Jul. 14, 2025","Jun. 16, 2025",insider_trading,political_indicator,,,2025-07-30T05:06:15.738678,55
QuiverQuant Senate,"JPM


                        JP MORGAN CHASE & CO. COMMON STOCK
                      

                        ST","Sale
                      

                      $15,001 - $50,000","Scott Franklin

                      House / R","Jul. 14, 2025","Jun. 16, 2025",insider_trading,political_indicator,,,2025-07-30T05:06:15.738678,55
QuiverQuant Senate,"KVUE


                        KENVUE INC. COMMON STOCK
                      

                        ST","Sale
                      

                      $1,001 - $15,000","Scott Franklin

                      House / R","Jul. 14, 2025","Jun. 16, 2025",insider_trading,political_indicator,,,2025-07-30T05:06:15.738678,55
QuiverQuant Senate,"LLY


                        ELI LILLY AND COMPANY COMMON STOCK
                      

                        ST","Sale
                      

                      $15,001 - $50,000","Jonathan L. Jackson

                      House / D","Jul. 14, 2025","Jun. 03, 2025",insider_trading,political_indicator,,,2025-07-30T05:06:15.738678,55
QuiverQuant Senate,"MMM


                        3M COMPANY COMMON STOCK
                      

                        ST","Purchase
                      

                      $1,001 - $15,000","Julie Johnson

                      House / D","Jul. 14, 2025","Jun. 18, 2025",insider_trading,political_indicator,,,2025-07-30T05:06:15.738678,55
QuiverQuant Senate,"MRK


                        MERCK & COMPANY, INC. COMMON STOCK
                      

                        ST","Sale
                      

                      $1,001 - $15,000","Scott Franklin

                      House / R","Jul. 14, 2025","Jun. 16, 2025",insider_trading,political_indicator,,,2025-07-30T05:06:15.738678,55
QuiverQuant Senate,"MSFT


                        MICROSOFT CORPORATION - COMMON STOCK
                      

                        ST","Sale
                      

                      $15,001 - $50,000","Scott Franklin

                      House / R","Jul. 14, 2025","Jun. 16, 2025",insider_trading,political_indicator,,,2025-07-30T05:06:15.738678,55
QuiverQuant Senate,"PG


                        PROCTER & GAMBLE COMPANY
                      

                        ST","Sale
                      

                      $15,001 - $50,000","Scott Franklin

                      House / R","Jul. 14, 2025","Jun. 16, 2025",insider_trading,political_indicator,,,2025-07-30T05:06:15.738678,55
QuiverQuant Senate,"UPS


                        UNITED PARCEL SERVICE, INC. COMMON STOCK
                      

                        ST","Sale
                      

                      $1,001 - $15,000","Scott Franklin

                      House / R","Jul. 14, 2025","Jun. 16, 2025",insider_trading,political_indicator,,,2025-07-30T05:06:15.738678,55
QuiverQuant Senate,"WMT


                        WALMART INC. COMMON STOCK
                      

                        ST","Sale
                      

                      $15,001 - $50,000","Scott Franklin

                      House / R","Jul. 14, 2025","Jun. 16, 2025",insider_trading,political_indicator,,,2025-07-30T05:06:15.738678,55
QuiverQuant Senate,"APP


                        APPLOVIN CORPORATION - CLASS A COMMON STOCK
                      

                        ST","Purchase
                      

                      $1,001 - $15,000","Gilbert Ray Cisneros, Jr.

                      House / D","Jul. 10, 2025","Jul. 01, 2025",insider_trading,political_indicator,,,2025-07-30T05:06:15.738678,55
QuiverQuant Senate,"ASML


                        ASML HOLDING N.V. - NEW YORK REGISTRY SHARES
                      

                        ST","Sale
                      

                      $1,001 - $15,000","Gilbert Ray Cisneros, Jr.

                      House / D","Jul. 10, 2025","Jun. 27, 2025",insider_trading,political_indicator,,,2025-07-30T05:06:15.738678,55
QuiverQuant Senate,"BOOT


                        BOOT BARN HOLDINGS, INC. COMMON STOCK
                      

                        ST","Sale
                      

                      $1,001 - $15,000","Gilbert Ray Cisneros, Jr.

                      House / D","Jul. 10, 2025","Jun. 16, 2025",insider_trading,political_indicator,,,2025-07-30T05:06:15.738678,55
QuiverQuant Senate,"BSX


                        BOSTON SCIENTIFIC CORPORATION COMMON STOCK
                      

                        ST","Sale
                      

                      $1,001 - $15,000","Gilbert Ray Cisneros, Jr.

                      House / D","Jul. 10, 2025","Jun. 11, 2025",insider_trading,political_indicator,,,2025-07-30T05:06:15.738678,55
QuiverQuant Senate,"CDRE


                        CADRE HOLDINGS, INC. COMMON STOCK
                      

                        ST","Purchase
                      

                      $1,001 - $15,000","Gilbert Ray Cisneros, Jr.

                      House / D","Jul. 10, 2025","Jun. 11, 2025",insider_trading,political_indicator,,,2025-07-30T05:06:15.738678,55
QuiverQuant Senate,"CSGP


                        COSTAR GROUP, INC. - COMMON STOCK
                      

                        ST","Purchase
                      

                      $15,001 - $50,000","Gilbert Ray Cisneros, Jr.

                      House / D","Jul. 10, 2025","Jun. 27, 2025",insider_trading,political_indicator,,,2025-07-30T05:06:15.738678,55
QuiverQuant Senate,"DAY


                        DAYFORCE, INC. COMMON STOCK
                      

                        ST","Purchase
                      

                      $1,001 - $15,000","Gilbert Ray Cisneros, Jr.

                      House / D","Jul. 10, 2025","Jun. 11, 2025",insider_trading,political_indicator,,,2025-07-30T05:06:15.738678,55
QuiverQuant Senate,"DOX


                        AMDOCS LIMITED - ORDINARY SHARES
                      

                        ST","Sale
                      

                      $1,001 - $15,000","Gilbert Ray Cisneros, Jr.

                      House / D","Jul. 10, 2025","Jun. 30, 2025",insider_trading,political_indicator,,,2025-07-30T05:06:15.738678,55
QuiverQuant Senate,"FLL


                        FULL HOUSE RESORTS, INC. - COMMON STOCK
                      

                        ST","Sale
                      

                      $250,001 - $500,000","Susie Lee

                      House / D","Jul. 10, 2025","Jun. 13, 2025",insider_trading,political_indicator,,,2025-07-30T05:06:15.738678,55
QuiverQuant Senate,"FWONK


                        LIBERTY MEDIA CORPORATION - SERIES C LIBERTY FORMULA ONE COMMON STOCK
                      

                        ST","Sale
                      

                      $1,001 - $15,000","Gilbert Ray Cisneros, Jr.

                      House / D","Jul. 10, 2025","Jun. 26, 2025",insider_trading,political_indicator,,,2025-07-30T05:06:15.738678,55
QuiverQuant Senate,"GDDY


                        GODADDY INC. CLASS A COMMON STOCK
                      

                        ST","Sale
                      

                      $1,001 - $15,000","Gilbert Ray Cisneros, Jr.

                      House / D","Jul. 10, 2025","Jun. 11, 2025",insider_trading,political_indicator,,,2025-07-30T05:06:15.738678,55
QuiverQuant Senate,"GTLS


                        CHART INDUSTRIES, INC.
                      

                        ST","Sale
                      

                      $1,001 - $15,000","Gilbert Ray Cisneros, Jr.

                      House / D","Jul. 10, 2025","Jun. 16, 2025",insider_trading,political_indicator,,,2025-07-30T05:06:15.738678,55
QuiverQuant Senate,"HQY


                        HEALTHEQUITY, INC. - COMMON STOCK
                      

                        ST","Sale
                      

                      $1,001 - $15,000","Gilbert Ray Cisneros, Jr.

                      House / D","Jul. 10, 2025","Jun. 16, 2025",insider_trading,political_indicator,,,2025-07-30T05:06:15.738678,55
QuiverQuant Senate,"META


                        META PLATFORMS, INC. - CLASS A COMMON STOCK
                      

                        ST","Purchase
                      

                      $1,001 - $15,000","John McGuire

                      House / R","Jul. 10, 2025","Jun. 30, 2025",insider_trading,political_indicator,,,2025-07-30T05:06:15.738678,55
QuiverQuant Senate,"NEE


                        NEXTERA ENERGY, INC. COMMON STOCK
                      

                        ST","Sale
                      

                      $1,001 - $15,000","Gilbert Ray Cisneros, Jr.

                      House / D","Jul. 10, 2025","Jun. 25, 2025",insider_trading,political_indicator,,,2025-07-30T05:06:15.738678,55
QuiverQuant Senate,"NFLX


                        NETFLIX, INC. - COMMON STOCK
                      

                        ST","Purchase
                      

                      $1,001 - $15,000","John McGuire

                      House / R","Jul. 10, 2025","Jun. 16, 2025",insider_trading,political_indicator,,,2025-07-30T05:06:15.738678,55
QuiverQuant Senate,"NOW


                        SERVICENOW, INC. COMMON STOCK
                      

                        ST","Sale
                      

                      $1,001 - $15,000","John McGuire

                      House / R","Jul. 10, 2025","Jun. 27, 2025",insider_trading,political_indicator,,,2025-07-30T05:06:15.738678,55
QuiverQuant Senate,"NXPI


                        NXP SEMICONDUCTORS N.V. - COMMON STOCK
                      

                        ST","Purchase
                      

                      $1,001 - $15,000","Gilbert Ray Cisneros, Jr.

                      House / D","Jul. 10, 2025","Jun. 25, 2025",insider_trading,political_indicator,,,2025-07-30T05:06:15.738678,55
QuiverQuant Senate,"PPBI


                        PACIFIC PREMIER BANCORP INC - COMMON STOCK
                      

                        ST","Sale
                      

                      $1,001 - $15,000","Gilbert Ray Cisneros, Jr.

                      House / D","Jul. 10, 2025","Jun. 16, 2025",insider_trading,political_indicator,,,2025-07-30T05:06:15.738678,55
QuiverQuant Senate,"PTC


                        PTC INC. - COMMON STOCK
                      

                        ST","Purchase
                      

                      $1,001 - $15,000","Gilbert Ray Cisneros, Jr.

                      House / D","Jul. 10, 2025","Jun. 11, 2025",insider_trading,political_indicator,,,2025-07-30T05:06:15.738678,55
QuiverQuant Senate,"RBC


                        RBC BEARINGS INCORPORATED COMMON STOCK
                      

                        ST","Sale
                      

                      $1,001 - $15,000","Gilbert Ray Cisneros, Jr.

                      House / D","Jul. 10, 2025","Jun. 16, 2025",insider_trading,political_indicator,,,2025-07-30T05:06:15.738678,55
QuiverQuant Senate,"RVTY


                        REVVITY, INC. COMMON STOCK
                      

                        ST","Purchase
                      

                      $1,001 - $15,000","Gilbert Ray Cisneros, Jr.

                      House / D","Jul. 10, 2025","Jun. 11, 2025",insider_trading,political_indicator,,,2025-07-30T05:06:15.738678,55
QuiverQuant Senate,"SBCF


                        SEACOAST BANKING CORPORATION OF FLORIDA - COMMON STOCK
                      

                        ST","Purchase
                      

                      $1,001 - $15,000","Gilbert Ray Cisneros, Jr.

                      House / D","Jul. 10, 2025","Jun. 16, 2025",insider_trading,political_indicator,,,2025-07-30T05:06:15.738678,55
QuiverQuant Senate,"SKY


                        CHAMPION HOMES, INC. COMMON STOCK
                      

                        ST","Purchase
                      

                      $1,001 - $15,000","Gilbert Ray Cisneros, Jr.

                      House / D","Jul. 10, 2025","Jun. 16, 2025",insider_trading,political_indicator,,,2025-07-30T05:06:15.738678,55
QuiverQuant Senate,"SWTX


                        SPRINGWORKS THERAPEUTICS, INC. - COMMON STOCK
                      

                        ST","Sale
                      

                      $15,001 - $50,000","Gilbert Ray Cisneros, Jr.

                      House / D","Jul. 10, 2025","Jul. 01, 2025",insider_trading,political_indicator,,,2025-07-30T05:06:15.738678,55
QuiverQuant Senate,"VCYT


                        VERACYTE, INC. - COMMON STOCK
                      

                        ST","Purchase
                      

                      $1,001 - $15,000","Gilbert Ray Cisneros, Jr.

                      House / D","Jul. 10, 2025","Jun. 16, 2025",insider_trading,political_indicator,,,2025-07-30T05:06:15.738678,55
QuiverQuant Senate,"WTW


                        WILLIS TOWERS WATSON PUBLIC LIMITED COMPANY - ORDINARY SHARES
                      

                        ST","Sale
                      

                      $1,001 - $15,000","Gilbert Ray Cisneros, Jr.

                      House / D","Jul. 10, 2025","Jun. 26, 2025",insider_trading,political_indicator,,,2025-07-30T05:06:15.738678,55
QuiverQuant Senate,"XIACF


                        XIAOMI CORP
                      

                        ST","Purchase
                      

                      $1,001 - $15,000","Gilbert Ray Cisneros, Jr.

                      House / D","Jul. 10, 2025","Jun. 27, 2025",insider_trading,political_indicator,,,2025-07-30T05:06:15.738678,55
QuiverQuant Senate,"-
                        

                        QQQ ETF
                      

                        OT","Purchase
                      

                      $1,001 - $15,000","Brandon Gill

                      House / R","Jul. 10, 2025","Jun. 23, 2025",insider_trading,political_indicator,,,2025-07-30T05:06:15.738678,55
QuiverQuant Senate,"-
                        

                        BTC
                      

                        CT","Purchase
                      

                      $100,001 - $250,000","Brandon Gill

                      House / R","Jul. 10, 2025","Jul. 08, 2025",insider_trading,political_indicator,,,2025-07-30T05:06:15.738678,55
QuiverQuant Senate,"-
                        

                        RSP ETF
                      

                        OT","Purchase
                      

                      $1,001 - $15,000","Brandon Gill

                      House / R","Jul. 10, 2025","Jun. 23, 2025",insider_trading,political_indicator,,,2025-07-30T05:06:15.738678,55
QuiverQuant Senate,"-
                        

                        DIA ETF
                      

                        OT","Purchase
                      

                      $1,001 - $15,000","Brandon Gill

                      House / R","Jul. 10, 2025","Jun. 23, 2025",insider_trading,political_indicator,,,2025-07-30T05:06:15.738678,55
QuiverQuant Senate,"-
                        

                        TOIXX
                      

                        GS","Sale
                      

                      $1,001 - $15,000","Brandon Gill

                      House / R","Jul. 10, 2025","Jun. 23, 2025",insider_trading,political_indicator,,,2025-07-30T05:06:15.738678,55
QuiverQuant Senate,"-
                        

                        TTTXX
                      

                        GS","Sale
                      

                      $15,001 - $50,000","Brandon Gill

                      House / R","Jul. 10, 2025","Jun. 23, 2025",insider_trading,political_indicator,,,2025-07-30T05:06:15.738678,55
QuiverQuant Senate,"MU


                        Micron Technology
                      

                        Stock","Sale (Partial)
                      

                      $1,001 - $15,000","John Boozman

                      Senate / R","Jul. 09, 2025","Jun. 11, 2025",insider_trading,political_indicator,,,2025-07-30T05:06:15.738678,55
QuiverQuant Senate,"UNH


                        Unitedhealth Group Inc
                      

                        Stock","Sale (Full)
                      

                      $1,001 - $15,000","John Boozman

                      Senate / R","Jul. 09, 2025","Jun. 11, 2025",insider_trading,political_indicator,,,2025-07-30T05:06:15.738678,55
QuiverQuant Senate,"AVGO


                        Broadcom Inc. - Common Stock
                      

                        Stock","Purchase
                      

                      $1,001 - $15,000","John Boozman

                      Senate / R","Jul. 09, 2025","Jun. 11, 2025",insider_trading,political_indicator,,,2025-07-30T05:06:15.738678,55
QuiverQuant Senate,"TBLL


                        Invesco Short Term Treasury ETF
                      

                        Stock","Purchase
                      

                      $1,001 - $15,000","John Boozman

                      Senate / R","Jul. 09, 2025","Jun. 11, 2025",insider_trading,political_indicator,,,2025-07-30T05:06:15.738678,55
QuiverQuant Senate,"AAL


                        AMERICAN AIRLINES GROUP, INC. - COMMON STOCK
                      

                        ST","Purchase
                      

                      $100,001 - $250,000","Tim Moore

                      House / R","Jul. 09, 2025","Jun. 16, 2025",insider_trading,political_indicator,,,2025-07-30T05:06:15.738678,55
QuiverQuant Senate,"AAM-PA


                        APOLLO GLOBAL MANAGEMENT INC CMN
                      

                        None","Sale
                      

                      $1,001 - $15,000","Ro Khanna

                      House / D","Jul. 09, 2025","Jun. 23, 2025",insider_trading,political_indicator,,,2025-07-30T05:06:15.738678,55
QuiverQuant Senate,"AAPL


                        APPLE INC. CMN
                      

                        None","Sale
                      

                      $15,001 - $50,000","Ro Khanna

                      House / D","Jul. 09, 2025","Jun. 23, 2025",insider_trading,political_indicator,,,2025-07-30T05:06:15.738678,55
QuiverQuant Senate,"ACN


                        ACCENTURE PLC CMN CLASS A
                      

                        None","Purchase
                      

                      $1,001 - $15,000","Ro Khanna

                      House / D","Jul. 09, 2025","Jun. 23, 2025",insider_trading,political_indicator,,,2025-07-30T05:06:15.738678,55
HighShortInterest,,,,,,short_squeeze,squeeze_candidate,,,2025-07-30T05:06:15.738678,15
HighShortInterest,All,,,,,short_squeeze,squeeze_candidate,,,2025-07-30T05:06:15.738678,15
HighShortInterest,Company,,,,,short_squeeze,squeeze_candidate,ShortInt,,2025-07-30T05:06:15.738678,15
HighShortInterest,Kohl's Corporation,,,,,short_squeeze,squeeze_candidate,48.33%,,2025-07-30T05:06:15.738678,15
HighShortInterest,"AirSculpt Technologies, Inc.",,,,,short_squeeze,squeeze_candidate,47.72%,,2025-07-30T05:06:15.738678,15
HighShortInterest,"Wolfspeed, Inc.",,,,,short_squeeze,squeeze_candidate,46.61%,,2025-07-30T05:06:15.738678,15
HighShortInterest,B Riley Financial Inc,,,,,short_squeeze,squeeze_candidate,44.98%,,2025-07-30T05:06:15.738678,15
HighShortInterest,Hertz Global Holdings Inc,,,,,short_squeeze,squeeze_candidate,44.96%,,2025-07-30T05:06:15.738678,15
HighShortInterest,"INmune Bio, Inc.",,,,,short_squeeze,squeeze_candidate,44.24%,,2025-07-30T05:06:15.738678,15
HighShortInterest,Groupon Inc,,,,,short_squeeze,squeeze_candidate,39.18%,,2025-07-30T05:06:15.738678,15
HighShortInterest,Altimmune Inc,,,,,short_squeeze,squeeze_candidate,39.01%,,2025-07-30T05:06:15.738678,15
HighShortInterest,Beyond Meat Inc,,,,,short_squeeze,squeeze_candidate,38.94%,,2025-07-30T05:06:15.738678,15
HighShortInterest,"The Children's Place, Inc.",,,,,short_squeeze,squeeze_candidate,38.91%,,2025-07-30T05:06:15.738678,15
HighShortInterest,Mingteng International Corp Inc.,,,,,short_squeeze,squeeze_candidate,37.13%,,2025-07-30T05:06:15.738678,15
HighShortInterest,Iovance Biotherapeutics Inc,,,,,short_squeeze,squeeze_candidate,35.34%,,2025-07-30T05:06:15.738678,15
HighShortInterest,"Hims & Hers Health, Inc.",,,,,short_squeeze,squeeze_candidate,35.29%,,2025-07-30T05:06:15.738678,15
HighShortInterest,Navitas Semiconductor Corp,,,,,short_squeeze,squeeze_candidate,35.11%,,2025-07-30T05:06:15.738678,15
HighShortInterest,Medical Properties Trust Inc,,,,,short_squeeze,squeeze_candidate,35.08%,,2025-07-30T05:06:15.738678,15
HighShortInterest,Eos Energy Enterprises Inc,,,,,short_squeeze,squeeze_candidate,34.57%,,2025-07-30T05:06:15.738678,15
HighShortInterest,Quantum Corporation,,,,,short_squeeze,squeeze_candidate,34.08%,,2025-07-30T05:06:15.738678,15
HighShortInterest,Instil Bio Inc,,,,,short_squeeze,squeeze_candidate,33.89%,,2025-07-30T05:06:15.738678,15
HighShortInterest,SoundHound AI Inc,,,,,short_squeeze,squeeze_candidate,33.74%,,2025-07-30T05:06:15.738678,15
HighShortInterest,Liquidia Corp,,,,,short_squeeze,squeeze_candidate,33.54%,,2025-07-30T05:06:15.738678,15
HighShortInterest,Salarius Pharmaceuticals Inc,,,,,short_squeeze,squeeze_candidate,33.11%,,2025-07-30T05:06:15.738678,15
HighShortInterest,"Bakkt Holdings, Inc.",,,,,short_squeeze,squeeze_candidate,32.96%,,2025-07-30T05:06:15.738678,15
HighShortInterest,Purecycle Technologies Inc,,,,,short_squeeze,squeeze_candidate,32.96%,,2025-07-30T05:06:15.738678,15
HighShortInterest,Sana Biotechnology Inc,,,,,short_squeeze,squeeze_candidate,32.79%,,2025-07-30T05:06:15.738678,15
HighShortInterest,"BigBear.ai Holdings, Inc.",,,,,short_squeeze,squeeze_candidate,30.20%,,2025-07-30T05:06:15.738678,15
HighShortInterest,Anavex Life Sciences Corp,,,,,short_squeeze,squeeze_candidate,30.16%,,2025-07-30T05:06:15.738678,15
HighShortInterest,Sunrun Inc,,,,,short_squeeze,squeeze_candidate,30.09%,,2025-07-30T05:06:15.738678,15
HighShortInterest,"Recursion Pharmaceuticals, Inc.",,,,,short_squeeze,squeeze_candidate,29.95%,,2025-07-30T05:06:15.738678,15
HighShortInterest,"Capricor Therapeutics, Inc.",,,,,short_squeeze,squeeze_candidate,29.41%,,2025-07-30T05:06:15.738678,15
HighShortInterest,Novavax Inc,,,,,short_squeeze,squeeze_candidate,29.20%,,2025-07-30T05:06:15.738678,15
HighShortInterest,Prime Medicine Inc,,,,,short_squeeze,squeeze_candidate,28.95%,,2025-07-30T05:06:15.738678,15
HighShortInterest,Coherus Biosciences Inc,,,,,short_squeeze,squeeze_candidate,28.62%,,2025-07-30T05:06:15.738678,15
HighShortInterest,"indie Semiconductor, Inc.",,,,,short_squeeze,squeeze_candidate,28.39%,,2025-07-30T05:06:15.738678,15
HighShortInterest,"Virgin Galactic Holdings, Inc.",,,,,short_squeeze,squeeze_candidate,28.14%,,2025-07-30T05:06:15.738678,15
HighShortInterest,"Lemonade, Inc.",,,,,short_squeeze,squeeze_candidate,27.30%,,2025-07-30T05:06:15.738678,15
HighShortInterest,"Ginkgo Bioworks Holdings, Inc.",,,,,short_squeeze,squeeze_candidate,27.10%,,2025-07-30T05:06:15.738678,15
HighShortInterest,Mobileye Global Inc.,,,,,short_squeeze,squeeze_candidate,27.02%,,2025-07-30T05:06:15.738678,15
HighShortInterest,Enovix Corp,,,,,short_squeeze,squeeze_candidate,26.70%,,2025-07-30T05:06:15.738678,15
HighShortInterest,"SolarEdge Technologies, Inc.",,,,,short_squeeze,squeeze_candidate,26.65%,,2025-07-30T05:06:15.738678,15
HighShortInterest,Stoke Therapeutics Inc,,,,,short_squeeze,squeeze_candidate,26.07%,,2025-07-30T05:06:15.738678,15
HighShortInterest,Luminar Technologies Inc,,,,,short_squeeze,squeeze_candidate,25.88%,,2025-07-30T05:06:15.738678,15
HighShortInterest,Faraday Future Intelligent Electric Inc.,,,,,short_squeeze,squeeze_candidate,25.78%,,2025-07-30T05:06:15.738678,15
HighShortInterest,Plug Power Inc,,,,,short_squeeze,squeeze_candidate,25.74%,,2025-07-30T05:06:15.738678,15
HighShortInterest,"Cemtrex, Inc.",,,,,short_squeeze,squeeze_candidate,25.49%,,2025-07-30T05:06:15.738678,15
HighShortInterest,Heron Therapeutics Inc,,,,,short_squeeze,squeeze_candidate,25.38%,,2025-07-30T05:06:15.738678,15
HighShortInterest,Semler Scientific Inc,,,,,short_squeeze,squeeze_candidate,24.57%,,2025-07-30T05:06:15.738678,15
HighShortInterest,Cerence Inc,,,,,short_squeeze,squeeze_candidate,24.55%,,2025-07-30T05:06:15.738678,15
HighShortInterest,TransMedics Group Inc,,,,,short_squeeze,squeeze_candidate,24.53%,,2025-07-30T05:06:15.738678,15
HighShortInterest,"Microvision, Inc.",,,,,short_squeeze,squeeze_candidate,24.23%,,2025-07-30T05:06:15.738678,15
HighShortInterest,"Aehr Test Systems, Inc.",,,,,short_squeeze,squeeze_candidate,23.82%,,2025-07-30T05:06:15.738678,15
HighShortInterest,1,,,,,short_squeeze,squeeze_candidate,,,2025-07-30T05:06:15.738678,15
Reddit WSB,RH,,,,,social_sentiment,reddit_hype,,Farewell. Deleting RH and Reddit,2025-07-30T05:06:15.738678,10
Reddit WSB,TL,,,,,social_sentiment,reddit_hype,,[DD] You Should Probably Not Listen to Most DD Posts Here,2025-07-30T05:06:15.738678,10
Reddit WSB,SOFI,,,,,social_sentiment,reddit_hype,,Weeeeeee $SOFI,2025-07-30T05:06:15.738678,10
Reddit WSB,ITM,,,,,social_sentiment,reddit_hype,,Always Making Dough,2025-07-30T05:06:15.738678,10
Reddit WSB,AND,,,,,social_sentiment,reddit_hype,,Always Making Dough,2025-07-30T05:06:15.738678,10
Reddit WSB,SOME,,,,,social_sentiment,reddit_hype,,Always Making Dough,2025-07-30T05:06:15.738678,10
Reddit WSB,SPOT,,,,,social_sentiment,reddit_hype,,"Full ported $SPOT calls for the earnings play, never been blown up this bad before",2025-07-30T05:06:15.738678,10
Reddit WSB,RDDT,,,,,social_sentiment,reddit_hype,,$RDDT Earnings YOLO,2025-07-30T05:06:15.738678,10
Reddit WSB,HOOD,,,,,social_sentiment,reddit_hype,,$RDDT Earnings YOLO,2025-07-30T05:06:15.738678,10
Reddit WSB,ABNB,,,,,social_sentiment,reddit_hype,,$RDDT Earnings YOLO,2025-07-30T05:06:15.738678,10
Reddit WSB,UNH,,,,,social_sentiment,reddit_hype,,UNH RSI is Almost on par with 2008 Financial crisis.,2025-07-30T05:06:15.738678,10
Reddit WSB,RSI,,,,,social_sentiment,reddit_hype,,UNH RSI is Almost on par with 2008 Financial crisis.,2025-07-30T05:06:15.738678,10
Reddit WSB,OPEN,,,,,social_sentiment,reddit_hype,,OPENed,2025-07-30T05:06:15.738678,10
Reddit WSB,PEW,,,,,social_sentiment,reddit_hype,,OPENed,2025-07-30T05:06:15.738678,10
Reddit WSB,FIGMA,,,,,social_sentiment,reddit_hype,,OPENed,2025-07-30T05:06:15.738678,10
Reddit WSB,QS,,,,,social_sentiment,reddit_hype,,"First 100% gains, almost 200% on QS puts",2025-07-30T05:06:15.738678,10
Reddit WSB,NVO,,,,,social_sentiment,reddit_hype,,-21% oof! NVO in the shitter.,2025-07-30T05:06:15.738678,10
Reddit WSB,SRPT,,,,,social_sentiment,reddit_hype,,SRPT Stock 218k YOLO. All in on Martin Shrekhli,2025-07-30T05:06:15.738678,10
Reddit WSB,ZUCK,,,,,social_sentiment,reddit_hype,,ZUCK TAKES $1 SALARY BUT META PAYS HIM $27M/YEAR IN EXPENSES,2025-07-30T05:06:15.738678,10
Reddit WSB,TAKES,,,,,social_sentiment,reddit_hype,,ZUCK TAKES $1 SALARY BUT META PAYS HIM $27M/YEAR IN EXPENSES,2025-07-30T05:06:15.738678,10
Reddit WSB,BUT,,,,,social_sentiment,reddit_hype,,ZUCK TAKES $1 SALARY BUT META PAYS HIM $27M/YEAR IN EXPENSES,2025-07-30T05:06:15.738678,10
Reddit WSB,AMD,,,,,social_sentiment,reddit_hype,,AMD 180c 2026 $5.10-&gt;$25.50,2025-07-30T05:06:15.738678,10
